
CREATE TABLE `dramas` (
  `mid` int(10) NOT NULL,
  `name` varchar(30) NOT NULL,
  `description` varchar(1000) NOT NULL,
  `rdate` varchar(5) NOT NULL,
  `director` varchar(30) NOT NULL,
  `imgpath` varchar(50) NOT NULL,
  `gen` varchar(30) NOT NULL, 
  `episodes` int(10) NOT NULL,
  `awards` varchar(2000) NOT NULL,
  `aid` varchar(30) NOT NULL
)ENGINE=InnoDB DEFAULT CHARSET=latin1;


INSERT INTO `dramas` (`mid`, `name`,`description`, `rdate`, `director`, `imgpath`, `gen`, `episodes`, `awards`, `aid`) VALUES
(1, 'A Love So Beauitful', 'The ups and downs of school, family and growing up test the affection between a budding artist and her handsome but indifferent classmate and neighbour.', '2020', 'Yang Long', 'alovesobeautiful.jpg', '1', 24, 'None', '1'),
(2, 'Abyss', 'After meeting an untimely demise in separate incidents, cha min and go se-yeon discover they have come back to life in new bodies they do not recognize.', '2019', 'Yoo Je-Won', 'abyss.jpg', '1', 16, 'None', '2'),
(3, 'Argon', 'In a world filled with often misleading news, a team of investigative tv reporters strives to bring truths to light.', '2017', 'Lee Yoon-Jung', 'argon.jpg', '7', 8, 'None', '3'),
(4, 'Arthdal Chronicles', 'In the mythical land of arth, the inhabitants of the ancient city of arthdal and its surrounding regions vie for power as they build a new society.', '2019', 'Kim Won-Seok', 'arthdalchronicles.jpg', '6', 18, 'Korea First Brand Awards: Most Anticipated Drama of 2019, Asia Artist Awards: Actor of the Year (Daesang), 9th Korean Wave Awards: Cultural Tourism Grand Prize', '4'),
(5, 'Bad Guys: Vile City', 'Prosecutor Noh Jin-pyeong is ordered to take down a villainous business leader who controls the city of Seowon, but the team that he forms is made up of men who may not be so clean themselves. While investigating the case, the team finds an unexpected link between Jo Yeong-guk -- the ultimate target -- and Seowon mayor. When his team suffers casualties, Je-mun calls for Jo Yeong-guk arrest -- at any cost. As Je-mun prepares to conclude Jo Yeong-guk case, an even worse enemy threatens to thwart his plan.', 2018, 'Han Dong-hwa', 'badguysvilecity.jpg', '3', 16, 'None', '5'),
(6, 'Black', 'A grim reaper gets punished for breaking the rules of heaven and falling in love with a mortal woman after inhabiting a human body.', 2017, 'Kim Hong-sun', 'black.jpg', '5', 18, 'None', '6'),
(7, 'Chief of Staff', 'Behind the scenes in the National Assembly, chief of staff Jang Tae-jun uses his power to influence decisions while following his own ambitions.', 2019, 'Kwak Jung-hwan', 'chiefofstaff.jpg', '7', 20, 'None', '7'),
(8, 'Chocolate', 'Brought together by meaningful meals in the past and present, a doctor and a chef are reacquainted when they begin working at a hospice ward', 2019, 'Lee Hyung-min', 'chocolate.jpg', '2', 16, 'None', '8'),
(9, 'Crash Landing on You', 'A paragliding mishap drops a South Korean heiress in North Korea - and into the life of an army officer, who decides he will help her hide.', 2019, 'Lee Jung-hyo', 'crashlandingonyou.jpg', '1', 16, 'Baeksang Arts Award for Best Supporting Actress in TV, APAN Star Awards: Awarded to Hyun Bin, Seoul International Drama Award (2020), Asian Academy Creative Awards (2020)', '9'),
(10, 'D.P.', 'A young privates assignment to capture army deserters reveals the painful reality endured by each enlistee during hit compulsory call of duty' ,2021, 'Han Jun-hee', 'dp.jpg', '3', 6, 'None', '10'),
(11, 'Designated Survivor: 60 Days', 'When the National Assembly suffers a catastrophic attack, Minister of Environment Park Mu-jin has to find a way to lead Korea through the ensuing chaos', 2019, 'Yoo Jong-sun', 'designatedsurvivor60days.jpg', '7', 16, 'Asian Academy Creative Awards: Best Adaptation of an Existing Format', '11'),
(12, 'Do Do Sol Sol La La Sol', 'A pianist hits rock bottom and finds herself at a piano academy in a small village where she falls in love with a mystery man.', 2020, 'Kim Min-kyung', 'dodosolsollalasol.jpg', '1', 16, 'None', '12'),
(13, 'Extracurricular', 'Determined to escape a dead-end life, a gifted high school student turns to a life of crime to ensure he can pay for college.', 2020, 'Kim Jin-min', 'extracurricular.jpg', '4', 10, '57th Baeksang Arts Awards: Best New Actress (TV) Park Ju-hyun', '13'),
(14, 'Hello, Me!', 'Miserable and unsuccesful, woman thinks she has lost all her spark - until one day, her spunky younger self appears in front of her demanding change.', 2021,'Lee Hyun-seok', 'hellome.jpg', '5', 16, 'None', '14'),
(15, 'Hi Bye, Mama!', 'When the ghost of a woman gains a second chance at life for 49 days, she reappears in front of her remarried husband and young daughter.', 2020, 'Yoo Je-won', 'hibyemama.jpg', '5', 16, 'None', '15'),
(16, 'Hometown Cha-Cha-Cha', 'A big-city dentist opens up a practice in a close-knit seaside village, home to a charming jack-of-all-trades who is her polar opposite in every way.', 2021, 'Yu Je-won', 'hometownchachacha.jpg', '1', 16, 'None', '16'),
(17, 'Hospital Playlist', 'Friends since undergrad school, five doctors remain close and share a love for music while working at the same hospital', 2021, 'Shin Won-ho', 'hospitalplaylist.jpg', '1', 24, '2020 Brand of the Year Awards: The drama of the year, 2020 Brand of the Year Awards Actor: Jo Jung Suk, 2020 Brand of the Year Awards Rookie Actress: Jeon Mi Do, 2020 Brand of the Year Awards OST: Jo Jung Suks "Aloha"', '17'),
(18, 'Hyena', 'To survive in a highly competitive environment, two rival attorneys with only high-class clientele tear apart anything that stands in the way of their ambition.', 2020,'Jang Tae-yoo Lee', 'hyena.jpg', '7', 16, '2nd Asia Contents Awards: Excellence Award to Kim Hye-soo, SBS Drama Awards: Top Excellence Award, Actor in a Miniseries Genre/Action Drama to Ju Ji-hoon', '18'),
(19, 'Hymn of Death', 'The Hymn of Death is a 2018 South Korean television series based on true events, starring Lee Jong-suk and Shin Hye-sun. It aired on SBS from November 27 to December 4, 2018, and was available on Netflix worldwide throughout December. Bold and beautiful Yun Sim deok is an aspiring and talented soprano singer', 2018, 'Park Soo-jin', 'hymnofdeath.jpg', '6', 6, 'None', '19'),
(20, 'Its Okay to Not be Okay', 'A road to emotional healing opens up for an antisocial childrens book author and an employee in a psychiatric hospital', 2020, 'Park Shin-woo', 'itsokaytonotbeokay.jpg','1', 16, 'Daejeon Visual Art Tech Awards: Visual of the Year Award (Special Video), Asia Artist Awards: Grand Prize (Daesang)- Kim Soo-hyun, Asia Artist Awards: Best Artist Award- Seo Yea-ji, Asia Artist Awards: AAA Hot Issue Award- Kim Soo-hyun, AAA Hot Issue Award: Seo Yea-ji, APAN Star Awards: Excellence Award, Actress in a Miniseries- Seo Yea-ji, APAN Star Awards: Best Supporting Actor- Oh Jung-se, APAN Star Awards: Popular Star Award, Actor- Kim Soo-hyun, APAN Star Awards: Popular Star Award, Actress- Seo Yea-ji, Baeksang Arts Award for Best Supporting Actor in TV: Oh Jung-se, Baeksang Arts Award for Best Technical Achievement in Television: Cho Sang-kyung', '20'),
(21, 'Itaewon Class', 'An ex-con and his friends fight to make their ambitious dreams for their street bar a reality', 2020, 'Kim Sung-Yoon', 'itaewonclass.jpg','2', 16, '56th Baeksang Arts Awards: Best New Actress (TV) to Kim Da-mi, Baeksang Arts Award for Best New Actress in TV, 4th Soribada Best K-Music Awards: Best Hallyu OST to Gaho ("Start Over"), 15th Seoul International Drama Awards: Best Mini Series - Silver Bird Prize, 2020 Mnet Asian Music Awards: Best OST to Gaho ("Start Over"), 25th Asian Television Awards: Best Drama Series, 7th APAN Star Awards: Drama of the Year, 7th APAN Star Awards: Best OST, Korea Communications Commission Broadcasting Awards: Excellence Award', '21'),
(22, 'Kingdom', 'While strage rumors about their ill king grip a kingdom, the crown prince becomes their only hope against a mysterious plague overtaking the land.', 2020, 'Kim Seong-hun', 'kingdom.jpg','6', 6, '2nd Asia Contents Awards: Best Actor to Ju Ji-hoon, 2nd Asia Contents Awards: Best Writer to Kim Eun-hee, 2nd Asia Contents Awards: Technical Award to Visual Effects, Make Up, Costume Design, Sound Effects', '22'),
(23, 'Law School', 'When a grim incident occurs at a prestigious school, justice through law is put to a test by a tough law professor and his ambitious students.',2021, 'Kim Seok-yoon', 'lawschool.jpg','4', 16, 'None', '23'),
(24, 'Life', 'At South Koreas premier university hospital, ideals and interests collide between a patient-focused emergency physician and the hospitals new director.', 2018, 'Hong Jong-chan', 'life.jpg','4', 16, '6th APAN Star Awards: Best Supporting Actor to Yoo Jae-myung, 6th APAN Star Awards: Best Screenwriter to Lee Soo-yeon, 2nd The Seoul Awards: Best Supporting Actress to Moon So-ri', '24'),
(25, 'Live', 'The police officers at South Koreas busiest patrol divison toil day and night as keepers of law and peace -- but the reality is far from orderly', 2018,'Kim Kyu-tae', 'live.jpg','7', 18, 'None', '25'),
(26, 'Love (ft. Marriage and Divorce)', 'Things unravel for three successful women who work on a radio show, as twists, turns and troubles beset their seemingly happy marriages', 2021, 'Yoo Jung-joon', 'loveftmarriageanddivorce.jpg','2', 32, 'None', '26'),
(27, 'Love Alarm', 'In a world in which an app alerts people if someone in the vicinity likes them, Kim Jojo experiences young love while coping with personal adversities', 2021,'Kim Jin-woo', 'lovealarm.jpg','2', 14, 'None', '27'),
(28, 'Lovestruck in the City', 'A passionate architect loses his heart to a free-spirited woman and sets out to reunite with her on the streets of Seoul', 2020, 'Park Shin-woo', 'lovestruckinthecity.jpg','2', 17, 'None', '28'),
(29, 'Mad for Each Other', 'A man and a woman who live next door to each other realize they also share a psychiatrist, and they can not seem to stay out of each others way',2021, 'Lee Tae Gon', 'madforeachother.jpg','1', 13, 'None', '29'),
(30, 'Man to Man', 'Disguised as a bodyguard, a special agent must complete his highly secretive missions whilst at the same time pandering to the whims of his temperamental world-star.', 2017, 'Lee Chang-min', 'mantoman.jpg', '3', 16, 'None', '30'),
(31, 'Memories of the Alhambra', 'While searching for the cryptic creator of an innovative augmented reality game, an investment firm executive meets a woman who runs a hostel in Spain', 2018, 'Ahn Gil-ho', 'memoriesofalhambra.jpg', '3', 16, '55th Baeksang Arts Awards: Technical Award to Park Sung-jin (Special effects)', '31'),
(32, 'Mine', 'Living in a golden cage of secrets and lies, two women seek to topple all that stands in their way of finding true joy.', 2021, 'Lee Na-jung', 'mine.jpg','4', 16, 'None', '32'),
(33, 'Move to Heaven', 'A young man with Asperger syndrome and his uncle work as trauma cleaners, clearing out the possessions of dead people, uncovering the stories they left behind and telling them to loved ones', 2021, 'Kim Sung-ho', 'movetoheaven.jpg','8', 10, '3rd Asia Contents Award: Best Creative Award, 3rd Asia Contents Award: Best Actor Award to Lee Je-hoon, 3rd Asia Contents Award: Best Writer Award to Yoon Ji-ryun', '33'),
(34, 'Mr. Sunshine', 'A Korean boy from a poor family who ends up in the United States after the 1871 Shinmiyangyo incident returns to his homeland during a historical turning point. Now an officer with the American military, Eugene falls in love with Ae-sin, an aristocrats daughter, and discovers a dark scheme to colonize the country from which he once fled. Ae-sin tries to figure out if Eugene is a friend as they wonders what the English word "love" means.', 2018, 'Lee Eung-bok', 'mrsunshine.jpg','6', 24, '6th APAN Star Awards: Drama of the Year, 6th APAN Star Awards: Best Supporting Actress, 6th APAN Star Awards: Best New Actress to Kim Tae-ri, 6th APAN Star Awards: K-Star Award, Actress to Kim Tae-ri, 3rd Asia Artist Awards: Grand Prize (Daesang) to Lee Byung-hun, 3rd Asia Artist Awards: Artist of the Year to Lee Byung-hun, 3rd Asia Artist Awards: Fabulous Award to Lee Byung-hun, 3rd Asia Artist Awards: Korean Tourism Appreciation Award to Lee Byung-hun, 3rd Asia Artist Awards: Artist of the Year to Yoo Yeon-seok, 3rd Asia Artist Awards: Best Actor Award to Yoo Yeon-seok, 2nd The Seoul Awards: Best Actor to Lee Byung-hun, 2nd The Seoul Awards: Best Supporting Actor to Yoo Yeon-seok, 55th Baeksang Arts Awards: Best Actor to Lee Byung-hun', '34'),
(35, 'My Country: The New Age', 'At the end of the Goryeo period there are those who lead the charge to proclaim a new age, among them two friends who become enemies when they disagree on the direction of their country.', 2019, 'Kim Jin-won', 'mycountrythenewage.jpg','6', 16, 'None', '35'),
(36, 'My First First Love', 'Due to various personal reasons, some of Yun Tae-os friends move into his house, where they experience love, friendship and everything in between.', 2019, 'Oh Jin-seok', 'myfirstfirstlove.jpg','2', 16, 'None', '36'),
(37, 'My Holo Love', 'A lonely woman with face blindness finds the perfect companion upon getting to know a humanlike hologram modelled after its genius creator.', 2020, 'Lee Sang-yeop', 'myhololove.jpg','2', 12, 'None', '37'),
(38, 'My Name', 'Following her fathers murder, a revenge-driven woman puts her trust in a powerful crime boss — and enters the police force under his direction.', 2021, 'Kim Jin-min', 'myname.jpg','3', 8, 'None', '38'),
(39, 'My Only Love Song', 'When things do not go her way during the shooting of her new show, a top actress runs away in an old van that guides her on a time-travelling journey.', 2017, 'Min Doo-sik', 'myonlylovesong.jpg', '5', 20, 'None', '39'),
(40, 'Mystic Pop-up Bar', 'Only open late at night, a mysterious outdoor bar can travel to different worlds and heal customers through their dreams.', 2020, 'Jeon Chang-geun', 'mysticpopupbar.jpg', '5', 12, 'None', '40'), 
(41, 'Navillera', 'A 70-year-old man with a dream and a 23-year-old man with a gift lift each other out of harsh realities and rise to the challenges of becoming ballet dancers.', 2021, 'Han Dong-hwa', 'navillera.jpg', '8', 12, 'None', '41'),
(42, 'Nevertheless', 'An uncertain romance begins between a heartbroken woman who no longer believes in love and a flirtatious man who does not want to commit to a relationship.', 2021, 'Kim Ga-ram', 'nevertheless.jpg', '2', 10, 'None', '42'),
(43, 'One More Time', 'Yoo Tan is the leader and vocalist of an indie band called One More Time, which he started with his childhood friends. As the band’s popularity and revenue begins to dwindle, Tan decides to sign a contract with a music label. While adjusting to his new life, Tan gets swept up in a mysterious event – An unwanted time leap allows him to journey back in time to regain his girlfriend.', 2016, 'Hyun Wook Song', 'onemoretime.jpg', '2', 8, 'None', '43'),
(44, 'One Spring Night', 'When pharmacist and single father Yu Ji-ho has a chance meeting with librarian Lee Jeong-in, they start seeing love and relationships in a brand new light.', 2019, 'Ahn Pan-seok', 'onespringnight.jpg', '2', 32, 'None', '44'),
(45, 'Persona', 'The series is separated into four segments: Love Set, Collector, Kiss Burn and Walking at Night.', 2019, 'Lee Kyoung-mi', 'persona.jpg', '4', 4, 'None', '45'),
(46, 'Possessed', 'A smart-mouthed detective and a reclusive psychic medium join together to get rid of the ghost of a murder who was executed 20 years ago.', 2019, 'Choi Do-hoon', 'possessed.jpg', '4', 16, 'None', '46'),
(47, 'Prison Playbook', 'With only days before his major league baseball debut, pitcher Kim Je-hyeok unexpectedly lands himself behind bars. He must learn to navigate his new world with its own rules if he wants to survive.', 2017, 'Shin Won-ho', 'prisonplaybook.jpg', '9', 16, 'Baeksang Arts Award for Most Popular Actor: Jung Hae-In, Baeksang Arts Award for Best Supporting Actor in TV: Park Ho-San, 12th Korean Cable TV Awards: Best Drama, 6th APAN Star Awards: Best Supporting Actor to Park Ho-san, 2nd The Seoul Awards: Best New Actor to Park Hae-soo', '47'),
(48, 'Private Lives', 'In a world where data is no longer private, con artists uncover a surveillance scheme headed by the government and a greedy corporation.', 2020, 'Hong Jong-chan', 'privatelives.jpg', '4', 16, 'None', '48'),
(49, 'Racket Boys', 'A city kid moves to the countryside after his father gets a coaching job reviving a ragtag middle school badminton team on the brink of extinction.', 2021, 'Jo Young-kwang', 'racketboys.jpg', '8', 16, 'None', '49'),
(50, 'Record of Youth', 'Three young fashionistas are trying to make it big in the world of modelling.', 2020, 'Ahn Gil-ho', 'recordofyouth.jpg', '2', 16, 'None', '50'),
(51, 'Reflection of You', 'Based on a novel by writer Jung So-hyeon, the series tells the story of a woman who leaves the conditioned lifestyle of wife and mother for a brief period and becomes faithful to her desires, and another woman who comes in contact with her in that short span and loses the light of her life.', 2021, 'Lim Hyeon-wook', 'reflectionofyou.jpg', '8', 16, 'None', '51'),
(52, 'Romance Is a Bonus Book', 'A gifted writer whose the youngest editor-in-chief ever at his publishing company becomes enmeshed in the life of a former copywriter desperate for a job.', 2019, 'Lee Jeong-hyo', 'romanceisabonusbook.jpg', '2', 20, 'None', '52'),
(53, 'Rookie Historian Goo Hae-ryung', 'Free spirit Goo Hae-ryung embarks on a new life as a scholar in the Joseon royal court after hearing about a government post for female historians.', 2019, 'Kang Il-soo', 'rookiehistorian.jpg', '6', 16, 'MBC Drama Awards: Top Excellence Award, Actress in a Wednesday-Thursday Drama to Shin Se-kyung, MBC Drama Awards: Excellence Award, Actor in a Wednesday-Thursday Drama to Cha Eun-woo, MBC Drama Awards: Best Supporting Cast in a Wednesday-Thursday Drama to Lee Ji-hoon, MBC Drama Awards: Best Couple Award to Cha Eun-woo and Shin Se-kyung', '53'),
(54, 'Rugal', 'A police officer loses everything he holds dear when he attempts to bring down a nationwide criminal organization.', 2020, 'Kang Cheol-woo', 'rugal.jpg', '3', 16, 'None', '54'),
(55, 'Run On', 'Veering off from his preset path, a track star follows his heart after a film translator steps into his life.', 2020, 'Lee Jae-hoon', 'runon.jpg', '2', 16, 'None', '55'),
(56, 'Sisyphus', 'An unfathomable event introduces an engineer to dangerous secrets and to a woman from the future who has come looking for him.', 2021, 'Jin Hyuk', 'sisyphus.jpg', '3', 16, 'None', '56'), 
(57, 'So Not Worth It', 'A story about the love and friendships of students who reside at an international university dormitory. Se-Wan (Park Se-Wan) is a teaching assistant and she is in charge of managing the international students at the dormitory. She has a bright personality. Students residing at the dormitory include Jamie (Shin Hyun-Seung), who is a U.S. citizen. Sam (Choi Young-Jae) is a Korean-Australian. His father is the chairman of a ttokbokki restaurant chain. Minnie (Minnie) is a Thai citizen. She loves to watch Korean drama series. Hyun-Min (Han Hyun-Min) is a Korean student and, thus, not eligible to stay at the international dormitory. Because of his exhausting commutes to school, he wishes to stay at the dormitory.', 2021,'Kwon Ik-joon', 'sonotworthit.jpg', '1', 12, 'None', '57'), 
(58, 'Squid Game', 'Hundreds of cash-strapped contestants accept an invitation to compete in childrens games for a tempting prize, but the stakes are deadly.', 2021, 'Hwang Dong-hyuk', 'squidgame.jpg', '4', 9, 'None', '58'),
(59, 'Start-Up', 'Seo Dal Mi has dreams of becoming Koreas own Steve Jobs, and with her genius first love, an investor, and a business insider by her side, her dream may be closer than she thinks.', 2020, 'Oh Choong-Hwan', 'startup.jpg', '2', 16, 'Asia Artist Awards: Best Emotive Award – Actor to Kim Seon-ho, Baeksang Arts Awards: Most Popular Actor to Kim Seon-ho, Brand Customer Loyalty Awards: Trend Icon – Actor to Kim Seon-ho, Korea First Brand Awards: Actress of the Year to Bae Suzy, Seoul International Drama Awards: Outstanding Korean Drama, Seoul International Drama Awards: Outstanding Korean Actress to Bae Suzy, Seoul International Drama Awards: Character of the Year to Kim Seon-ho', '59'),
(60, 'Stranger', 'Stranger is a South Korean crime thriller drama television series. Produced by Signal Entertainment and IOK Media, it was created by Studio Dragon writer Lee Soo-yeon and broadcast on tvN from June 10, 2017. The series was renewed for a second season, which premiered on August 15, 2020.', 2017, 'Ahn Gil-ho', 'stranger.jpg', '4', 32, '1st Seoul Awards: Grand Prize (Daesang), 54th Baeksang Arts Awards: Grand Prize (Daesang), 54th Baeksang Arts Awards: Best Actor to Cho Seung-woo, 54th Baeksang Arts Awards: Best Screenplay to Lee Soo-yeon', 'Cho Seung-Woo, Bae Doona, Lee Joon-Hyuk'),
(61, 'Sweet Home', 'As humans turn into savage monsters, one troubled teenager and his neighbours fight to survive and to hold onto their humanity.', 2020, 'Lee Eung-bok', 'sweethome.jpg', '4', 10, 'Asia Contents Awards: ACA Excellence Award to Song Kang, Asia Contents Awards: Technical Achievement Award to Sweet Home, Asia Contents Awards: Best Newcomer Actress to Go Min-si, Seoul International Drama Awards: Character of the year to Song Kang', '61'), 
(62, 'The King: Eternal Monarch', 'Korean emperor Lee Gon tries to close the doors to a parallel world which was opened by demons; a detective tries to protect the people and the one she loves.', 2020, 'Baek Sang-hoon', 'theking.jpg', '2', 16, 'SBS Drama Awards: Top Excellence Award, Actor in a Miniseries Fantasy/Romance Drama to Lee Min-ho', '62'),
(63, 'The Kings Affection', 'During the Joseon Dynasty, the Crown Princess Consort gives birth to twins but sends the girl away to spare her life. Years later, the twin son dies in an accident and his sister must assume his identity and throne, all while hiding her true self.', 2021, 'Song Hyun-wook', 'thekingsaffection.jpg', '6', 10, 'None', '63'),
(64, 'The Lies Within', 'A woman joins the National Assembly to try to save her husband.', 2019, 'Lee Yoon-jung', 'thelieswithin.jpg', '4', 16, 'None', '64'),
(65, 'The School Nurse Files', 'A school nurse with an unusual supernatural gift must protect high school students from monsters only she can see.', 2020, 'Lee Kyoung-mi', 'theschoolnurseflies.jpg', '5', 6, 'None', '65'),
(66, 'The Sound of Your Heart Reboot', 'Webtoonist Cho Seok is back with more anecdotes of mix-ups, unintended antics and bathroom blunders.', 2018, 'Ha Byung-hoon', 'thesoundofyourheartreboot.jpg', '9', 10, '15th KBS Entertainment Awards: Hot Issue Programme to The Sound of Your Heart, 15th KBS Entertainment Awards: Best Couple to Lee Kwang-soo and Jung So-min', '66'),
(67, 'The Uncanny Counter', 'Demon hunters pose as workers in a noodle shop in an effort to catch evil spirits hoping to find eternal life.', 2020, 'Yoo Seon-dong', 'theuncannycounter.jpg', '4', 16, '57th Baeksang Arts Awards: Best Supporting Actress (TV) to Yeom Hye-ran', '67'),
(68, 'Vagabond', 'A stuntman involved in a tragic airplane crash ends up discovering a national corruption scandal in the process.', 2019, 'Yoo In-sik', 'vagabound.jpg', '3', 20, 'SBS Drama Awards: Top Excellence Award in Miniseries (Male) to Lee Seung-gi, SBS Drama Awards: Top Excellence Award in Miniseries (Female) to Bae Suzy, SBS Drama Awards: Best Couple Award to Lee Seung-gi and Bae Suzy, SBS Drama Awards: Hallyu Contents Award, SBS Drama Awards: Best Supporting Actress to Moon Jeong-hee', '68'),
(69, 'Vincenzo', 'During a visit to his motherland, a Korean-Italian mafia lawyer gives a conglomerate a taste of its own medicine with a side of justice.', 2021, 'Kim Hee-won', 'vincenzo.jpg', '3', 16, 'Brand of the Year Awards: Drama of the Year, Brand of the Year Awards: Actor Of The Year to Song Joong-ki, Seoul International Drama Awards: Top Excellence Korean Drama, Seoul International Drama Awards: Top Excellence Korean Actor to Song Joong-ki, Tokyo Drama Awards 2021: Special Award for Foreign Drama, Korean Popular Culture and Arts Awards: Presidential Commendation to Park Jae-bum', '69'),
(70, 'Was it love?', 'When four very different men appear in her life, a single mother who has not dated in years begins to rediscover love -- and herself.', 2020, 'Kim Do-hyung', 'wasitlove.jpg', '1', 16, 'None', '70'),
(71, 'When the Camellia Blooms', 'Dongbaek, an orphan who grew up to become a single mom, meets and falls in love with Yongsik, a do-gooder police officer in their small town.', 2019, 'Cha Yeong-hoon', 'whenthecamillablooms.jpg', '1', 32, '13th Korean Media Awards: Best TV Show on Digital Terrestrial Television, 2019 KBS Drama Awards: Grand Prize (Daesang) to Gong Hyo-jin, 2019 KBS Drama Awards: Top Excellence Award to Actor to Kang Ha-neul, 2019 KBS Drama Awards: Excellence Award, Actor in a Mid-length Drama to Kim Ji-suk, 2019 KBS Drama Awards: Excellence Award, Actress in a Mid-length Drama to Lee Jung-eun, 2019 KBS Drama Awards: to Best Supporting Actor to Oh Jung-se, 2019 KBS Drama Awards: Best Supporting Actress to Yeom Hye-ran, 2019 KBS Drama Awards: Best Child Actor to Kim Kang-hoon, 2019 KBS Drama Awards: Best New Actress to Son Dam-bi, 2019 KBS Drama Awards: Netizen Award, Actor to Kang Ha-neul, 2019 KBS Drama Awards: Best Couple Award to Gong Hyo-jin and Kang Ha-neul, 2019 KBS Drama Awards: Best Couple Award to Oh Jung-se and Yeom Hye-ran, 2019 KBS Drama Awards: Best Writer to Lim Sang-choon, 56th Baeksang Arts Awards: Grand Prize (Daesang), 56th Baeksang Arts Awards: Best Screenplay to Lim Sang-choon, 56th Baeksang Arts Awards: Best Actor to Kang Ha-neul, 56th Baeksang Arts Awards: Best Supporting Actor to Oh Jung-se, 47th Korea Broadcasting Awards: Best TV Drama, 47th Korea Broadcasting Awards: Best Screenwriter to Lim Sang-choon, 47th Korea Broadcasting Awards: Best Actor to Kang Ha-neul, 15th Seoul International Drama Awards: Top Excellence Award for Korean Drama, 15th Seoul International Drama Awards: Best Screenwriter to Lim Sang-choon, 15th Seoul International Drama Awards: Outstanding Korean Actor to Kang Ha-neul, 15th Seoul International Drama Awards: Best Actress to Gong Hyo-jin, 15th Seoul International Drama Awards: OST to Punch (Like a Heroine in the Movie), 7th APAN Star Awards: Top Excellence Award, Actor in Miniseries to Kang Ha-neul, 7th APAN Star Awards: Best Director Cha Young-hoon', '71'),
(72, 'White Nights', 'Seo Yi-Kyung (Lee Yo-Won) ambitiously wants to build her own empire. She is calm and also passionate. She does not believe greed is a sin. Park Gun-Woo (Jin Goo) possesses good looks and comes from a wealthy family that runs a large company. Seo Yi-Kyung is his first love and he is still in love with her. Lee Se-Jin (Uee) comes from a poor background. She desperately wants to escape from her situation.', 2016, 'Lee Jae-Dong', 'whitenights.jpg', '8', 20, 'None', '72'),
(73, 'YG Future Strategy Office', 'YG Entertainment has formed a new department called the future strategy office, where many of the companys troublemaking artists and misfits have been sent; K-pop star Seungri has been chosen to serve as the head of the fledgling department. This mockumentary-style sitcom follows Seungri as he tries to lead a team of bumbling staff members who are working to regain their place in the company as it finds itself in the midst of a crisis.', 2018, 'Park Joon-soo', 'ygfuturestrategyoffice.jpg', '9', 8, 'None', '73'),
(74, 'You are my Spring', 'A hotel concierge and a psychiatrist with traumatic childhoods form a heartfelt bond while becoming entangled in a perplexing murder case.', 2021, 'Jung Ji-hyun', 'youaremyspring.jpg', '4', 16, 'None', '74');


ALTER TABLE `dramas`
  ADD PRIMARY KEY (`mid`);


ALTER TABLE `dramas`
  MODIFY `mid` int(10) NOT NULL AUTO_INCREMENT, AUTO_INCREMENT=8;
COMMIT;


CREATE TABLE `genre` (
  `gid` int(10) NOT NULL,
  `genre_type` varchar (75) NOT NULL
)ENGINE=InnoDB DEFAULT CHARSET=latin1;

INSERT INTO `genre` (`gid`, `genre_type`) VALUES
(1, 'romantic comedy'),
(2, 'romance'),
(3, 'action thriller'),
(4, 'thriller'),
(5, 'fantasy'),
(6, 'historical'),
(7, 'political'),
(8, 'sentimental'),
(9, 'comedy');

ALTER TABLE `genre`
  ADD PRIMARY KEY (`gid`);

ALTER TABLE `genre`
  MODIFY `gid` int(10) NOT NULL AUTO_INCREMENT, AUTO_INCREMENT=8;
COMMIT;


CREATE TABLE `actsin` (
  `mid` int(10) NOT NULL,
  `actor_names` varchar(200) NOT NULL
)ENGINE=InnoDB DEFAULT CHARSET=latin1;

INSERT INTO `actsin` (`mid`, `actor_names`) VALUES
(1, 'So Joo-Yeon, Kim Yo-Han, Yeo Hoe-Hyun'),
(2, 'So Joo-Yeon, Kim Yo-Han, Yeo Hoe-Hyun'),
(3, 'Kim Joo-Hyuk, Chun Woo-Hee, Park Won-Sang'),
(4, 'Song Joong-Ki, Kim Ji-Won, Kim Ok-Bin'),
(5, 'Park Joong-Hoon, Joo Jin-Mo, Yang Ik-June'),
(6, 'Song Seung-Heon, Go Ara, Kim Jae-Young'),
(7, 'Lee Elijah, Lee Jung-Jae, Shin Min-A'),
(8, 'Yoon Kye-Sang, Ha Ji-Won, Jang Seung-Jo'),
(9, 'Hyun Bin, Son Ye-Jin, Seo Ji-Hye'),
(10, 'Jung Hae-In, Koo Kyo-Hwan, Son Seokgu'),
(11, 'Ji Jin-Hee, Son Seokgu, Kang Han-Na'),
(12, 'Lee Jae-Wook, Go Ara, Kim Joo-Hun'),
(13, 'Dong-Hee Kim, Park Ju-Hyun, Nam Yoon-Su'),
(14, 'Kim Young-Kwang, Choi Kang-Hee, Lee Re'),
(15, 'Kim Tae-Hee, Lee Kyu-Hyung, Seo Woo-Jin'),
(16, 'Kim Seon-Ho, Shin Min-A, Lee Sang-Yi'),
(17, 'Jo Jung-Suk, Jeon Mi-Do, Yoo Yeon-Seok'),
(18, 'Ju Ji-Hoon, Kim Hye-Soo, Park Se-Jin'),
(19, 'Shin Hye-Sun, Lee Jong-Suk, Park Seon-Im'),
(20, 'Seo Yea-Ji, Kim Soo-Hyun, Park Gyu-Young'),
(21, 'Kim Da-Mi, Park Seo-Joon, Kwon Nara'),
(22, 'Ju Ji-Hoon, Bae Doona, Ryu Seung-Ryong'),
(23, 'Kim Myung-Min, Kim Bum, Ryu Hye-Young'),
(24, 'Lee Dong-Wook, Cho Seung-Woo, Won Jin-A'),
(25, 'Jung Yu-Mi, Lee Kwang-Soo, Bae Sung-Woo'),
(26, 'Park Joo-Mi, Lee Ga-Ryeong, Jeon Soo-Kyeong'),
(27, 'Song Kang, Kim So-Hyun, Jung Ga-Ram'),
(28, 'Ji Chang-Wook, Kim Ji-Wo, Kim Min-Seok'),
(29, 'Ji Chang-Wook, Kim Ji-Wo, Kim Min-Seok'),
(30, 'Park Hae-Jin, Kim Min-Jung, Park Sung-Woong'),
(31, 'Hyun Bin, Park Shin-Hye, Chanyeol'),
(32, 'Lee Bo-Young, Kim Seo-Hyung, Ok Ja Yeon'),
(33, 'Lee Je-Hoon, Tang Joon-Sang, Hong Seung-Hee'),
(34, 'Lee Byung-Hun, Kim Tae-Ri, Yoo Yeon-Seok'),
(35, 'Yang Se-Jong, Woo Do-Hwan, Seolhyun'),
(36, 'Ji Soo, Jung Chae-Yeon, Jung Jin-Young'),
(37, 'Yoon Hyun-Min, Ko Sung-Hee, Hwang Chan-Sung'),
(38, 'Han So Hee, Ahn Bo-Hyun, Hie-Soon Park'),
(39, 'Lee Jong-Hyun, Gong Seung-Yeon, Ahn Bo-Hyun'),
(40, 'Hwang Jung-Eum, Yook Sungjae, Choi Won-Young'),
(41, 'Song Kang, Park In-Hwan, Hong Seung-Hee'),
(42, 'Song Kang, Han So Hee, Chae Jong Hyeop'),
(43, 'Yoon So-Hee, L, Gi-du Kim'),
(44, 'Jung Hae-In, Han Ji-Min, Kim Jun-Han'),
(45, 'Shim Dal-gi, Park Hae-Soo, IU'),
(46, 'Song Sae-Byeok, Eun-Joo Kim, Ahn Eun-Jin'),
(47, 'Park Hae-Soo, Jung Kyung-Ho, Jung Hae-In'),
(48, 'Go Kyung-Pyo, Seohyun, Kim Hyo-Jin'),
(49, 'Tang Joon-Sang, Lee Jae-In, Choi Hyun-Wook'),
(50, 'Park Bo-Gum, Park So-Dam, Byeon Woo-Seok'),
(51, 'Go Hyun-Jung, Shin Hyun-Been, Kim Jae-Young'),
(52, 'Lee Jong-Suk, Wi Ja-Joon, Jeong Yoo-Jin'),
(53, 'Cha Eun-Woo, Shin Se-Kyung, Park Ki-Woong'),
(54, 'Choi Jin-Hyuk, Jung Hye-In, Jo Dong-Hyuk'),
(55, 'Siwan, Shin Se-Kyung, Sooyoung'),
(56, 'Chanyeol, Cho Seung-Woo, Chae Jong Hyeop'),
(57, 'Park Se-Wan, Han Hyun-Min, Minnie'),
(58, 'Lee Jung-Jae, Park Hae-Soo, HoYeon Jung'),
(59, 'Kim Seon-Ho, Nam Joo-Hyuk, Bae Suzy'),
(60, 'Cho Seung-Woo, Bae Doona, Lee Joon-Hyuk'),
(61, 'Song Kang, Lee Do-Hyeon, Lee Si-Young'),
(62, 'Lee Min-Ho, Kim Go-Eun, Woo Do-Hwan'),
(63, 'Park Eun-Bin, Rowoon, Nam Yoon-Su'),
(64, 'Lee Min Ki, Lee Yoo-Young, Yoon Jongseok'),
(65, 'Jung Yu-Mi, Nam Joo-Hyuk, Go Yoon Jung'),
(66, 'Sung Hoon, Kwon Yuri, Tae Hang-Ho'),
(67, 'Jo Byeong-Kyu, Kim Sejeong, Yoo Jun-Sang'),
(68, 'Lee Seung-Gi, Bae Suzy, Shin Sung-Rok'),
(69, 'Song Joong-Ki, Jeon Yeo-Been, Ok Taecyeon'),
(70, 'Son Ho-Jun, Song Ji-Hyo, Koo Ja-Sung'),
(71, 'Kang Ha-Neul, Gong Hyo-Jin, Lee Sang-Yi'),
(72, 'Lee Yo-Won, Jin Goo, Jung Hae-In'),
(73, 'Seungri, Yoo Byung-Jae, Lee Jai-Jin'),
(74, 'Seo Hyun-Jin, Kim Dong-Wook, Yoon Park');


CREATE TABLE `actors` (
  `aid` int(10) NOT NULL,
  `actor_name` varchar (75) NOT NULL
)ENGINE=InnoDB DEFAULT CHARSET=latin1;

INSERT INTO `actors` (`aid`, `actor_name`) VALUES
(1, 'So Joo-Yeon'),
(2, 'Kim Yo-Han'),
(3, 'Yeo Hoe-Hyun'),
(4, 'Ahn Hyo-Seop'),
(5, 'Park Bo-young'),
(6, 'Han So Hee'),
(7, 'Kim Joo-Hyuk'),
(8, 'Chun Woo-Hee'),
(9, 'Park Won-Sang'),
(10, 'Song Joong-Ki'),
(11, 'Kim Ji-Won'),
(12, 'Kim Ok-Bin'),
(13, 'Park Joong-Hoon'),
(14, 'Joo Jin-Mo'),
(15, 'Yang Ik-June'),
(16, 'Song Seung-Heon'),
(17, 'Go Ara'),
(18, 'Kim Jae-Young'),
(19, 'Lee Elijah'),
(20, 'Lee Jung-Jae'),
(21, 'Shin Min-A'),
(22, 'Yoon Kye-Sang'),
(23, 'Ha Ji-Won'),
(24, 'Jang Seung-Jo'),
(25, 'Hyun Bin'),
(26, 'Son Ye-Jin'),
(27, 'Seo Ji-Hye'),
(28, 'Jung Hae-In'),
(29, 'Koo Kyo-Hwan'),
(30, 'Son Seokgu'),
(31, 'Ji Jin-Hee'),
(32, 'Kang Han-Na'),
(33, 'Lee Jae-Wook'),
(34, 'Kim Joo-Hun'),
(35, 'Dong-Hee Kim'),
(36, 'Park Ju-Hyun'),
(37, 'Nam Yoon-Su'),
(38, 'Kim Young-Kwang'),
(39, 'Choi Kang-Hee'),
(40, 'Lee Re'),
(41, 'Kim Tae-Hee'),
(42, 'Lee Kyu-Hyung'),
(43, 'Seo Woo-Jin'),
(44, 'Kim Seon-Ho'),
(45, 'Lee Sang-Yi'),
(46, 'Jo Jung-Suk'),
(47, 'Jeon Mi-Do'),
(48, 'Yoo Yeon-Seok'),
(49, 'Ju Ji-Hoon'),
(50, 'Kim Hye-Soo'),
(51, 'Park Se-Jin'),
(52, 'Shin Hye-Sun'),
(53, 'Lee Jong-Suk'),
(54, 'Park Seon-Im'),
(55, 'Seo Yea-Ji'),
(56, 'Kim Soo-Hyun'),
(57, 'Park Gyu-Young'),
(58, 'Kim Da-Mi'),
(59, 'Park Seo-Joon'),
(60, 'Kwon Nara'),
(61, 'Bae Doona'),
(62, 'Ryu Seung-Ryong'),
(63, 'Kim Myung-Min'),
(64, 'Kim Bum'),
(65, 'Ryu Hye-Young'),
(66, 'Lee Dong-Wook'),
(67, 'Cho Seung-Woo'),
(68, 'Won Jin-A'),
(69, 'Jung Yu-Mi'),
(70, 'Lee Kwang-Soo'),
(71, 'Bae Sung-Woo'),
(72, 'Park Joo-Mi'),
(73, 'Lee Ga-Ryeong'),
(74, 'Jeon Soo-Kyeong'),
(75, 'Song Kang'),
(76, 'Kim So-Hyun'),
(77, 'Jung Ga-Ram'),
(78, 'Ji Chang-Wook'),
(79, 'Kim Min-Seok'),
(80, 'Jung Woo'),
(81, 'Oh Yeon-Seo'),
(82, 'Baik Ji-Won'),
(83, 'Park Hae-Jin'),
(84, 'Kim Min-Jung'),
(85, 'Park Sung-Woong'),
(86, 'Park Shin-Hye'),
(87, 'Chanyeol'),
(88, 'Lee Bo-Young'),
(89, 'Kim Seo-Hyung'),
(90, 'Ok Ja Yeon'),
(91, 'Lee Je-Hoon'),
(92, 'Tang Joon-Sang'),
(93, 'Hong Seung-Hee'),
(94, 'Lee Byung-Hun'),
(95, 'Kim Tae-Ri'),
(96, 'Yang Se-Jong'),
(97, 'Woo Do-Hwan'),
(98, 'Seolhyun'),
(99, 'Ji Soo'),
(100, 'Jung Chae-Yeon'),
(101, 'Jung Jin-Young'),
(102, 'Yoon Hyun-Min'),
(103, 'Ko Sung-Hee'),
(104, 'Hwang Chan-Sung'),
(105, 'Ahn Bo-Hyun'),
(106, 'Hie-Soon Park'),
(107, 'Lee Jong-Hyun'),
(108, 'Gong Seung-Yeon'),
(109, 'Hwang Jung-Eum'),
(110, 'Yook Sungjae'),
(111, 'Choi Won-Young'),
(112, 'Park In-Hwan'),
(113, 'Chae Jong Hyeop'),
(114, 'Yoon So-Hee'),
(115, 'L'),
(116, 'Gi-du Kim'),
(117, 'Han Ji-Min'),
(118, 'Kim Jun-Han'),
(119, 'Shim Dal-gi'),
(120, 'Park Hae-Soo'),
(121, 'IU'),
(122, 'Song Sae-Byeok'),
(123, 'Eun-Joo Kim'),
(124, 'Ahn Eun-Jin'),
(125, 'Jung Kyung-Ho'),
(126, 'Go Kyung-Pyo'),
(127, 'Seohyun'),
(128, 'Kim Hyo-Jin'),
(129, 'Lee Jae-In'),
(130, 'Choi Hyun-Wook'),
(131, 'Park Bo-Gum'),
(132, 'Park So-Dam'),
(133, 'Byeon Woo-Seok'),
(134, 'Go Hyun-Jung'),
(135, 'Shin Hyun-Been'),
(136, 'Wi Ja-Joon'),
(137, 'Jeong Yoo-Jin'),
(138, 'Cha Eun-Woo'),
(139, 'Shin Se-Kyung'),
(140, 'Park Ki-Woong'),
(141, 'Choi Jin-Hyuk'),
(142, 'Jung Hye-In'),
(143, 'Jo Dong-Hyuk'),
(144, 'Siwan'),
(145, 'Sooyoung'),
(146, 'Park Se-Wan'),
(147, 'Han Hyun-Min'),
(148, 'Minnie'),
(149, 'HoYeon Jung'),
(150, 'Nam Joo-Hyuk'),
(151, 'Bae Suzy'),
(152, 'Lee Joon-Hyuk'),
(153, 'Lee Do-Hyeon'),
(154, 'Lee Si-Young'),
(155, 'Lee Min-Ho'),
(156, 'Kim Go-Eun'),
(157, 'Park Eun-Bin'),
(158, 'Rowoon'),
(159, 'Lee Min Ki'),
(160, 'Lee Yoo-Young'),
(161, 'Yoon Jongseok'),
(162, 'Go Yoon Jung'),
(163, 'Sung Hoon'),
(164, 'Kwon Yuri'),
(165, 'Tae Hang-Ho'),
(166, 'Jo Byeong-Kyu'),
(167, 'Kim Sejeong'),
(168, 'Yoo Jun-Sang'),
(169, 'Lee Seung-Gi'),
(170, 'Shin Sung-Rok'),
(171, 'Jeon Yeo-Been'),
(172, 'Ok Taecyeon'),
(173, 'Son Ho-Jun'),
(174, 'Song Ji-Hyo'),
(175, 'Koo Ja-Sung'),
(176, 'Kang Ha-Neul'),
(177, 'Gong Hyo-Jin'),
(178, 'Lee Yo-Won'),
(179, 'Jin Goo'),
(180, 'Seungri'),
(181, 'Yoo Byung-Jae'),
(182, 'Lee Jai-Jin'),
(183, 'Seo Hyun-Jin'),
(184, 'Kim Dong-Wook'),
(185, 'Yoon Park');

CREATE TABLE `suggestions` (
  `dname` varchar(50) NOT NULL, 
  `desc` varchar(200) NOT NULL, 
  `rdate` varchar(50) NOT NULL, 
  `director` varchar(100) NOT NULL
) ENGINE=InnoDB DEFAULT CHARSET=latin1;

CREATE TABLE `awards`(
    mid int(10) NOT NULL,
    awards_won varchar(300) NOT NULL
) ENGINE=InnoDB DEFAULT CHARSET=latin1;

INSERT INTO `awards` (`mid`, `awards_won`) VALUES
(4, 'Korea First Brand Awards: Most Anticipated Drama of 2019'),
(4, 'Asia Artist Awards: Actor of the Year (Daesang)'),
(4, '9th Korean Wave Awards: Cultural Tourism Grand Prize'),
(9, 'Baeksang Arts Award for Best Supporting Actress in TV'),
(9, 'APAN Star Awards: Awarded to Hyun Bin, Seoul International Drama Award (2020)'),
(9, 'Asian Academy Creative Awards (2020)'),
(11, 'Asian Academy Creative Awards: Best Adaptation of an Existing Format'),
(13, '57th Baeksang Arts Awards: Best New Actress (TV) Park Ju-hyun'),
(17, '2020 Brand of the Year Awards: The drama of the year'),
(17, '2020 Brand of the Year Awards Actor: Jo Jung Suk'),
(17, '2020 Brand of the Year Awards Rookie Actress: Jeon Mi Do'),
(17, '2020 Brand of the Year Awards OST: Jo Jung Suks "Aloha"'),
(18, '2nd Asia Contents Awards: Excellence Award to Kim Hye-soo'),
(18, 'SBS Drama Awards: Top Excellence Award'),
(18, 'Actor in a Miniseries Genre/Action Drama to Ju Ji-hoon'),
(20, 'Daejeon Visual Art Tech Awards: Visual of the Year Award (Special Video)'),
(20, 'Asia Artist Awards: Grand Prize (Daesang)- Kim Soo-hyun'),
(20, 'Asia Artist Awards: Best Artist Award- Seo Yea-ji'),
(20, 'Asia Artist Awards: AAA Hot Issue Award- Kim Soo-hyun'),
(20, 'AAA Hot Issue Award: Seo Yea-ji'),
(20, 'APAN Star Awards: Excellence Award, Actress in a Miniseries- Seo Yea-ji'),
(20, 'APAN Star Awards: Best Supporting Actor- Oh Jung-se'),
(20, 'APAN Star Awards: Popular Star Award, Actor- Kim Soo-hyun'),
(20, 'APAN Star Awards: Popular Star Award, Actress- Seo Yea-ji'),
(20, 'Baeksang Arts Award for Best Supporting Actor in TV: Oh Jung-se'),
(20, 'Baeksang Arts Award for Best Technical Achievement in Television: Cho Sang-kyung'),
(21, '56th Baeksang Arts Awards: Best New Actress (TV) to Kim Da-mi'),
(21, 'Baeksang Arts Award for Best New Actress in TV'),
(21, '4th Soribada Best K-Music Awards: Best Hallyu OST to Gaho ("Start Over")'),
(21, '15th Seoul International Drama Awards: Best Mini Series - Silver Bird Prize'),
(21, '2020 Mnet Asian Music Awards: Best OST to Gaho ("Start Over")'),
(21, '25th Asian Television Awards: Best Drama Series'),
(21, '7th APAN Star Awards: Drama of the Year'), 
(21, '7th APAN Star Awards: Best OST'),
(21, 'Korea Communications Commission Broadcasting Awards: Excellence Award'),
(22, '2nd Asia Contents Awards: Best Actor to Ju Ji-hoon'),
(22, '2nd Asia Contents Awards: Best Writer to Kim Eun-hee'),
(22, '2nd Asia Contents Awards: Technical Award to Visual Effects'), 
(22, 'Make Up, Costume Design, Sound Effects'), 
(24, '6th APAN Star Awards: Best Supporting Actor to Yoo Jae-myung'),
(24, '6th APAN Star Awards: Best Screenwriter to Lee Soo-yeon'), 
(24, '2nd The Seoul Awards: Best Supporting Actress to Moon So-ri'),
(31, '55th Baeksang Arts Awards: Technical Award to Park Sung-jin (Special effects)'),
(33, '3rd Asia Contents Award: Best Creative Award'), 
(33, '3rd Asia Contents Award: Best Actor Award to Lee Je-hoon'),
(33, '3rd Asia Contents Award: Best Writer Award to Yoon Ji-ryun'),
(34, '6th APAN Star Awards: Grand Prize (Daesang) to Lee Byung-hun'),
(34, '6th APAN Star Awards: K-Star Award, Actor to Lee Byung-hun'),
(34, '6th APAN Star Awards: Drama of the Year'),
(34, '6th APAN Star Awards: Best Supporting Actress'),
(34, '6th APAN Star Awards: Best New Actress to Kim Tae-ri'),
(34, '6th APAN Star Awards: K-Star Award, Actress to Kim Tae-ri'),
(34, '3rd Asia Artist Awards: Grand Prize (Daesang) to Lee Byung-hun'),
(34, '3rd Asia Artist Awards: Artist of the Year to Lee Byung-hun'),
(34, '3rd Asia Artist Awards: Fabulous Award to Lee Byung-hun'),
(34, '3rd Asia Artist Awards: Korean Tourism Appreciation Award to Lee Byung-hun'),
(34, '3rd Asia Artist Awards: Artist of the Year to Yoo Yeon-seok'),
(34, '3rd Asia Artist Awards: Best Actor Award to Yoo Yeon-seok'),
(34, '2nd The Seoul Awards: Best Actor to Lee Byung-hun'),
(34, '2nd The Seoul Awards: Best Supporting Actor to Yoo Yeon-seok'),
(34, '55th Baeksang Arts Awards: Best Actor to Lee Byung-hun'),
(47, 'Baeksang Arts Award for Most Popular Actor: Jung Hae-In'),
(47, 'Baeksang Arts Award for Best Supporting Actor in TV: Park Ho-San'),
(47, '12th Korean Cable TV Awards: Best Drama'),
(47, '6th APAN Star Awards: Best Supporting Actor to Park Ho-san'),
(47, '2nd The Seoul Awards: Best New Actor to Park Hae-soo'),
(53, 'MBC Drama Awards: Top Excellence Award'),
(53, 'Actress in a Wednesday-Thursday Drama to Shin Se-kyung'),
(53, 'MBC Drama Awards: Excellence Award'),
(53, 'Actor in a Wednesday-Thursday Drama to Cha Eun-woo'),
(53, 'MBC Drama Awards: Best Supporting Cast in a Wednesday-Thursday Drama to Lee Ji-hoon'),
(53, 'MBC Drama Awards: Best Couple Award to Cha Eun-woo and Shin Se-kyung'),
(59, 'Asia Artist Awards: Best Emotive Award – Actor to Kim Seon-ho'),
(59, 'Baeksang Arts Awards: Most Popular Actor to Kim Seon-ho'),
(59, 'Brand Customer Loyalty Awards: Trend Icon – Actor to Kim Seon-ho'),
(59, 'Korea First Brand Awards: Actress of the Year to Bae Suzy'),
(59, 'Seoul International Drama Awards: Outstanding Korean Drama'),
(59, 'Seoul International Drama Awards: Outstanding Korean Actress to Bae Suzy'),
(59, 'Seoul International Drama Awards: Character of the Year to Kim Seon-ho'),
(60, '1st Seoul Awards: Grand Prize (Daesang)'),
(60, '54th Baeksang Arts Awards: Grand Prize (Daesang)'),
(60, '54th Baeksang Arts Awards: Best Actor to Cho Seung-woo'),
(60, '54th Baeksang Arts Awards: Best Screenplay to Lee Soo-yeon'),
(61, 'Asia Contents Awards: ACA Excellence Award to Song Kang'),
(61, 'Asia Contents Awards: Technical Achievement Award to Sweet Home'),
(61, 'Asia Contents Awards: Best Newcomer Actress to Go Min-si'),
(61, 'Seoul International Drama Awards: Character of the year to Song Kang'),
(62, 'SBS Drama Awards: Top Excellence Award'),
(62, 'Actor in a Miniseries Fantasy/Romance Drama to Lee Min-ho'),
(66, '15th KBS Entertainment Awards: Hot Issue Programme to The Sound of Your Heart'),
(66, '15th KBS Entertainment Awards: Best Couple to Lee Kwang-soo and Jung So-min'),
(67, '57th Baeksang Arts Awards: Best Supporting Actress (TV) to Yeom Hye-ran'),
(68, 'SBS Drama Awards: Top Excellence Award in Miniseries (Male) to Lee Seung-gi'),
(68, 'SBS Drama Awards: Top Excellence Award in Miniseries (Female) to Bae Suzy'),
(68, 'SBS Drama Awards: Best Couple Award to Lee Seung-gi and Bae Suzy'),
(68, 'SBS Drama Awards: Hallyu Contents Award'),
(68, 'SBS Drama Awards: Best Supporting Actress to Moon Jeong-hee'),
(69, 'Brand of the Year Awards: Drama of the Year'),
(69, 'Brand of the Year Awards: Actor Of The Year to Song Joong-ki'),
(69, 'Seoul International Drama Awards: Top Excellence Korean Drama'),
(69, 'Seoul International Drama Awards: Top Excellence Korean Actor to Song Joong-ki'),
(69, 'Tokyo Drama Awards 2021: Special Award for Foreign Drama'),
(69, 'Korean Popular Culture and Arts Awards: Presidential Commendation to Park Jae-bum'),
(71, '13th Korean Media Awards: Best TV Show on Digital Terrestrial Television'),
(71, '2019 KBS Drama Awards: Grand Prize (Daesang) to Gong Hyo-jin'),
(71, '2019 KBS Drama Awards: Top Excellence Award to Actor to Kang Ha-neul'),
(71, '2019 KBS Drama Awards: Excellence Award, Actor in a Mid-length Drama to Kim Ji-suk'),
(71, '2019 KBS Drama Awards: Excellence Award, Actress in a Mid-length Drama to Lee Jung-eun'),
(71, '2019 KBS Drama Awards: to Best Supporting Actor to Oh Jung-se'), 
(71, '2019 KBS Drama Awards: Best Supporting Actress to Yeom Hye-ran'),
(71, '2019 KBS Drama Awards: Best Child Actor to Kim Kang-hoon'),
(71, '2019 KBS Drama Awards: Best New Actress to Son Dam-bi'),
(71, '2019 KBS Drama Awards: Netizen Award, Actor to Kang Ha-neul'),
(71, '2019 KBS Drama Awards: Best Couple Award to Gong Hyo-jin and Kang Ha-neul'),
(71, '2019 KBS Drama Awards: Best Couple Award to Oh Jung-se and Yeom Hye-ran'),
(71, '2019 KBS Drama Awards: Best Writer to Lim Sang-choon'),
(71, '56th Baeksang Arts Awards: Grand Prize (Daesang)'), 
(71, '56th Baeksang Arts Awards: Best Screenplay to Lim Sang-choon'),
(71, '56th Baeksang Arts Awards: Best Actor to Kang Ha-neul'),
(71, '56th Baeksang Arts Awards: Best Supporting Actor to Oh Jung-se'),
(71, '47th Korea Broadcasting Awards: Best TV Drama'),
(71, '47th Korea Broadcasting Awards: Best Screenwriter to Lim Sang-choon'),
(71, '47th Korea Broadcasting Awards: Best Actor to Kang Ha-neul'),
(71, '15th Seoul International Drama Awards: Top Excellence Award for Korean Drama'),
(71, '15th Seoul International Drama Awards: Best Screenwriter to Lim Sang-choon'),
(71, '15th Seoul International Drama Awards: Outstanding Korean Actor to Kang Ha-neul'),
(71, '15th Seoul International Drama Awards: Best Actress to Gong Hyo-jin'),
(71, '15th Seoul International Drama Awards: OST to Punch (Like a Heroine in the Movie)'),
(71, '7th APAN Star Awards: Top Excellence Award, Actor in Miniseries to Kang Ha-neul'),
(71, '7th APAN Star Awards: Best Director Cha Young-hoon');


CREATE TABLE `episodes`(
  mid int(10) NOT NULL, 
  episode int(10) NOT NULL
) ENGINE=InnoDB DEFAULT CHARSET=latin1;

INSERT INTO `episodes`(`mid`, `episode`) VALUES
(1, 24),
(2, 16),
(3, 8),
(4, 18),
(5, 16),
(6, 18),
(7, 20),
(8, 16),
(9, 16),
(10, 6),
(11, 16),
(12, 16),
(13, 10),
(14, 16),
(15, 16),
(16, 16),
(17, 24),
(18, 16),
(19, 6),
(20, 16),
(21, 16),
(22, 6),
(23, 16),
(24, 16),
(25, 18),
(26, 32),
(27, 14),
(28, 17),
(29, 13),
(30, 16),
(31, 16),
(32, 16),
(33, 10),
(34, 24),
(35, 16),
(36, 16),
(37, 12),
(38, 8),
(39, 20),
(40, 12),
(41, 12),
(42, 10),
(43, 8),
(44, 32),
(45, 4),
(46, 16),
(47, 16),
(48, 16),
(49, 16),
(50, 16),
(51, 16),
(52, 16),
(53, 20),
(54, 16),
(55, 16),
(56, 16),
(57, 12),
(58, 9),
(59, 16),
(60, 32),
(61, 10),
(62, 16),
(63, 10),
(64, 16),
(65, 6),
(66, 10),
(67, 16),
(68, 16),
(69, 20),
(70, 16),
(71, 32),
(72, 20),
(73, 8),
(74, 16);

CREATE TABLE `category`(
`mid` int(10) NOT NULL, 
`gid` int(10) NOT NULL
) ENGINE=InnoDB DEFAULT CHARSET=latin1;

INSERT INTO `category` (`mid`, `gid`) VALUES
(1, 1),
(2, 1),
(3, 7),
(4, 6),
(5, 3),
(6, 5),
(7, 7),
(8, 2),
(9, 1),
(10, 3),
(11, 7),
(12, 1),
(13, 4),
(14, 5),
(15, 5),
(16, 1),
(17, 1),
(18, 7),
(19, 6),
(20, 1),
(21, 2),
(22, 6),
(23, 4),
(24, 4),
(25, 7),
(26, 2),
(27, 2),
(28, 2),
(29, 1),
(30, 3),
(31, 3),
(32, 4),
(33, 8),
(34, 6),
(35, 6),
(36, 2),
(37, 2),
(38, 3),
(39, 5),
(40, 5),
(41, 8),
(42, 2),
(43, 2),
(44, 2),
(45, 4),
(46, 4),
(47, 9),
(48, 4),
(49, 8),
(50, 2),
(51, 8),
(52, 2),
(53, 6),
(54, 3),
(55, 2),
(56, 3),
(57, 1),
(58, 4),
(59, 2),
(60, 4),
(61, 4),
(62, 2),
(63, 6),
(64, 4),
(65, 5),
(66, 9),
(67, 4),
(68, 3),
(69, 3),
(70, 1),
(71, 1),
(72, 8),
(73, 9),
(74, 4);